Group ID,Dataset,Entity ID,Entity name,address,city,country,email,owner,phone,sector,Group size,Name similarity,Relatedness,Explanation
169,D1,1244,Mason & Co. Builders,789 Builder Avenue,Constructopolis,Buildland,info@masonco.com,Taylor Mason,2233445572,Construction,2,0.2962962962962963,9,"Same address, city, country, owner, and sector. Slight variations in name and email."
169,D1,1245,Mason & Co. Construction,789 Builder Avenue,Constructopolis,Buildland,contact@masonco.com,Taylor Mason,2233445571,Construction,2,0.2962962962962963,9,"Same address, city, country, owner, and sector. Slight variations in name and email."
168,D1,1874,Urban Tech,909 Innovation Dr,Tech City,Innovatia,contact@urbantech.com,Jordan Tech,1333444555,Technology,2,0.4,10,"Identical address, city, country, owner, phone, and sector. Minor variations in name and email."
168,D1,1875,Urban Tech Innovations,909 Innovation Dr,Tech City,Innovatia,innovations@urbantech.com,Jordan Tech,1333444555,Technology,2,0.4,10,"Identical address, city, country, owner, phone, and sector. Minor variations in name and email."
167,D2,1051,Hawk's Nest Academy,412 Knowledge Blvd,Learnville,EduNation,admin@hawksnest.edu,Clever Hawk,8899001147,Education,2,0.4090909090909091,8,"Similar names, same city, country, owner, and sector. Slight address and email differences."
167,D1,1057,Hawk's Nest School,414 Knowledge Blvd,Learnville,EduNation,contact@hawksnest.edu,Clever Hawk,8899001188,Education,2,0.4090909090909091,8,"Similar names, same city, country, owner, and sector. Slight address and email differences."
166,D1,795,Flow Dynamics,789 Canal Avenue,Watertown,Hydroland,info@flowdynamics.water,Lake Smith,9988776657,Utilities,2,0.47058823529411764,9,"Same address, city, country, owner, and sector. Minor variations in name and phone."
166,D1,798,FlowDynamics Inc.,789 Canal Avenue,Watertown,Hydroland,info@flowdynamics.water,Lake Smith,9988776655,Utilities,2,0.47058823529411764,9,"Same address, city, country, owner, and sector. Minor variations in name and phone."
165,D2,1655,Tech Solutions Corp.,123 Tech Avenue,Innovate City,Techland,contact@techsolutions.com,Jamie Tech,1234567890,Technology,2,0.47368421052631576,7,"Same address, city, country, owner, and sector. Differences in phone and slight name variation."
165,D2,1657,Tech Solutons,123 Tech Avenue,Innovate City,TechLand,contact@techsolutions.com,Jamie Tech,1122334455,Technology,2,0.47368421052631576,7,"Same address, city, country, owner, and sector. Differences in phone and slight name variation."
162,D1,333,Casey Constrctn Co.,815 Builder Avenue,Constructopolis,Buildland,support@caseyconstruct.com,Jordan Casey,5566778899,Construction,2,0.5,10,"Identical address, city, country, owner, phone, and sector. Minor name variation."
162,D1,334,Casey Construction Co.,815 Builder Avenue,Constructopolis,Buildland,support@caseyconstruct.com,Jordan Casey,5566778899,Construction,2,0.5,10,"Identical address, city, country, owner, phone, and sector. Minor name variation."
163,D1,493,Eco Living,707 Greenway,Eco City,Sustainland,info@ecoliving.com,Green Builder,1122446688,Real Estate,2,0.5,9,"Same address, city, country, owner, phone, and sector. Minor name and email differences."
163,D1,494,Eco Livng,707 Greenway,Eco City,Sustainland,contact@ecoliving.com,Green Builder,1122446688,Real Estate,2,0.5,9,"Same address, city, country, owner, phone, and sector. Minor name and email differences."
164,D1,1662,Tech Innovators Incorporated,123 Tech Avenue,Innovate City,Techland,contact@techinnovators.com,Jamie Lee,1234567890,Technology,2,0.5,6,"Similar names, same city, country, owner, and sector. Differences in address, phone, and email."
164,D2,1647,Tech Innovators Ltd,132 Tech Avenue,Innovate City,Techland,ltd@techinnovators.com,Jamie Lee,1234567899,Technology,2,0.5,6,"Similar names, same city, country, owner, and sector. Differences in address, phone, and email."
161,D1,271,BuildRight Co.,330 Builder St.,Constructopolis,Buildland,info@buildright.com,Jordan Alex,5566778892,Construction,2,0.5238095238095238,5,"Similar names, same city, country, and sector. Differences in address, owner, and phone."
161,D2,277,BuildRight Constructions,1212 Build St,Constructopolis,Buildland,info@buildright.com,Jordan Builder,2233445573,Construction,2,0.5238095238095238,5,"Similar names, same city, country, and sector. Differences in address, owner, and phone."
160,D2,1452,SecureNet Limited,1212 Secure Blvd,Safe City,Secureland,contact@securenet.com,Jordan Secure,1434455667,Cybersecurity,2,0.5294117647058824,10,"Identical address, city, country, owner, phone, and sector. Minor name variation."
160,D2,1453,SecureNet Ltd.,1212 Secure Blvd,Safe City,Secureland,info@securenet.com,Jordan Secure,1434455667,Cybersecurity,2,0.5294117647058824,10,"Identical address, city, country, owner, phone, and sector. Minor name variation."
141,D1,282,BuildSmart Construction Co.,203 Build Lane,Constructopolis,Buildland,contact@buildsmartco.com,Builder Alice,6667778889,Construction,3,0.5416666666666667,10,"Identical address, city, country, owner, phone, and sector. Minor name and email variations."
141,D1,284,BuildSmart Corp.,203 Build Lane,Constructopolis,Buildland,smart@buildsmart.com,Builder Alice,6667778889,Construction,3,0.5416666666666667,10,"Identical address, city, country, owner, phone, and sector. Minor name and email variations."
141,D2,285,BuildSmart Corporation,203 Build Lane,Constructopolis,Buildland,contact@buildsmartcorp.com,Builder Alice,6667778889,Construction,3,0.5416666666666667,10,"Identical address, city, country, owner, phone, and sector. Minor name and email variations."
159,D2,1956,Wellbeing Inc,317 Wellness Way,Health City,Careland,info@wellbeinginc.com,Dr. Balance,3344556684,Healthcare,2,0.55,10,"Identical address, city, country, owner, phone, and sector. Minor name and email variations."
159,D1,1962,Wellbeing Incorporated,317 Wellness Way,Health City,Careland,contact@wellbeinginc.com,Dr. Balance,3344556684,Healthcare,2,0.55,10,"Identical address, city, country, owner, phone, and sector. Minor name and email variations."
156,D2,1133,InnoGears Ltd.,124 Innovation Drive,Techville,Innovatia,support@innogears.com,Jordan Tech,1234567891,Technology,3,0.5504201680672269,10,"Identical address, city, country, owner, phone, and sector. Minor name and email variations."
156,D2,1134,InnoGearz Limited,124 Innovation Drive,Techville,Innovatia,support@innogearz.com,Jordan Tech,1234567891,Technology,3,0.5504201680672269,10,"Identical address, city, country, owner, phone, and sector. Minor name and email variations."
156,D2,1135,InnoGearz Ltd.,124 Innovation Dr.,Techville,Innovatia,support@innogearz.com,Jordan Tech,1234567891,Technology,3,0.5504201680672269,10,"Identical address, city, country, owner, phone, and sector. Minor name and email variations."
158,D2,924,Green Feilds Ltd.,717 Farm Lane,Harvest,Agroland,support@greenfields.co,Farmer Blue,1112131424,Agriculture,2,0.5555555555555556,10,"Identical address, city, country, owner, phone, and sector. Minor name variation."
158,D1,933,Green Fields Ltd.,717 Farm Lane,Harvest,Agroland,support@greenfields.co,Farmer Blue,1112131424,Agriculture,2,0.5555555555555556,10,"Identical address, city, country, owner, phone, and sector. Minor name variation."
157,D2,1016,GreenTech Solutions Incorporated,200 Tech Avenue,TechVille,TechLand,contact@greentechsolutions.com,Chris Green,9900223344,Technology,2,0.5625,10,"Identical address, city, country, owner, phone, and sector. Minor name and email variations."
157,D2,1019,GreenTech Solutons Inc.,200 Tech Avenue,TechVille,TechLand,info@greentechsolutons.com,Chris Green,9900223344,Technology,2,0.5625,10,"Identical address, city, country, owner, phone, and sector. Minor name and email variations."
154,D2,1716,TechNova Solutions Inc.,123 Innovation Drive,Techville,Futuristan,info@technovasolutions.com,Alex Quantum,1234567891,Information Technology,2,0.5909090909090909,7,"Similar names, same address, city, country, and sector. Differences in owner and phone."
154,D1,1730,TechNova Solutons,123 Innovation Dr.,Techville,Futuristan,info@technova.solutions,Alexis Quantum,1234567890,Information Technology,2,0.5909090909090909,7,"Similar names, same address, city, country, and sector. Differences in owner and phone."
155,D1,1780,TechnoGears Inc.,123 Innovation Drive,Techville,Innovatia,contact@technogears.com,Alex Tech,1234567890,Technology,2,0.5909090909090909,10,"Identical address, city, country, owner, phone, and sector. Minor name and email variations."
155,D2,1767,TechnoGears Incorporated,123 Innovation Dr.,Techville,Innovatia,info@technogears.com,Alex Tech,1234567890,Technology,2,0.5909090909090909,10,"Identical address, city, country, owner, phone, and sector. Minor name and email variations."
151,D1,209,Bright Future Academy,789 Learning Lane,Learn City,EduLand,info@brightfutureacademy.com,Patrick Bright,6677889905,Education,2,0.6,6,"Similar names, same address, city, country, owner, and sector. Differences in email and phone."
151,D2,846,Future Bright Academies,789 Learning Lane,Learn City,EduLand,info@futurebrightacademies.com,Patrick Bright,6677889901,Education,2,0.6,6,"Similar names, same address, city, country, owner, and sector. Differences in email and phone."
152,D1,970,GreenEnergy Inc.,300 Solar St,Eco Town,Greenland,contact@greenenergy.com,Pat Green,9876543210,Energy,2,0.6,10,"Identical address, city, country, owner, phone, and sector. Minor name and email variations."
152,D1,971,GreenEnergy Ltd.,300 Solar St,Eco Town,Greenland,info@greenenergyltd.com,Pat Green,9876543210,Energy,2,0.6,10,"Identical address, city, country, owner, phone, and sector. Minor name and email variations."
153,D2,1222,LogiMove,1500 Transport Ave,Logi City,TrackLand,info@logimove.com,Jordan Track,9900666679,Logistics,2,0.6,10,"Identical address, city, country, owner, phone, and sector. Minor name and email variations."
153,D2,1223,LogiMove Inc.,1500 Transport Avenue,Logi City,TrackLand,contact@logimove.com,Jordan Track,9900666679,Logistics,2,0.6,10,"Identical address, city, country, owner, phone, and sector. Minor name and email variations."
150,D2,143,AutoDriv Inc,500 Motorway,Drive City,AutoLand,support@autodrive.com,Pat Driver,9988776655,Automotive,2,0.6153846153846154,10,"Identical address, city, country, owner, phone, and sector. Minor name variation."
150,D1,140,AutoDrive Inc,500 Motorway,Drive City,AutoLand,support@autodrive.com,Pat Driver,9988776655,Automotive,2,0.6153846153846154,10,"Identical address, city, country, owner, phone, and sector. Minor name variation."
147,D2,194,Blue Ocean Tech,12 Ocean Way,Seaside,WaterLand,contact@blueoceantech.com,Chris Ocean,9876543215,Technology,2,0.6190476190476191,10,"Identical address, city, country, owner, phone, and sector. Minor name and email variations."
147,D1,185,Blue Ocean Technologies,12 Ocean Way,Seaside,WaterLand,info@blueoceantech.com,Chris Ocean,9876543215,Technology,2,0.6190476190476191,10,"Identical address, city, country, owner, phone, and sector. Minor name and email variations."
148,D2,371,CloudReach Tech,102 Skyway Blvd.,AeroCity,Skyland,info@cloudreachtech.com,Samuel Blue,9900334457,Aerospace,2,0.6190476190476191,10,"Identical address, city, country, owner, phone, and sector. Minor name and email variations."
148,D1,361,CloudReach Technologies,102 Skyway Blvd.,AeroCity,Skyland,contact@cloudreachtech.com,Samuel Blue,9900334457,Aerospace,2,0.6190476190476191,10,"Identical address, city, country, owner, phone, and sector. Minor name and email variations."
149,D1,1994,Windy Heights Limited,202 Windy Way,BreezyTown,Windland,info@windyheights.com,Breeze Holdings,2345678901,Renewable Energy,2,0.6190476190476191,10,"Identical address, city, country, owner, phone, and sector. Minor name and email variations."
149,D1,1995,Windy Heights Ltd.,202 Windy Way,BreezyTown,Windland,contact@windyheights.com,Breeze Holdings,2345678901,Renewable Energy,2,0.6190476190476191,10,"Identical address, city, country, owner, phone, and sector. Minor name and email variations."
146,D1,1107,HealthPlus Pharma,600 Health Blvd,Med City,HealthLand,contact@healthplus.com,Dana Health,5566778899,Pharmaceuticals,2,0.625,10,"Identical address, city, country, owner, phone, and sector. Minor name and email variations."
146,D2,1096,HealthPlus Pharmaceuticals,600 Health Blvd,Med City,HealthLand,info@healthplus.com,Dana Health,5566778899,Pharmaceuticals,2,0.625,10,"Identical address, city, country, owner, phone, and sector. Minor name and email variations."
98,D1,1079,Health Solutions Ltd.,812 Health Blvd,Health City,Healthland,contact@healthsolutions.health,Caregiver Heal,9988776657,Healthcare,3,0.6340579710144928,10,"Identical address, city, country, owner, phone, and sector. Minor name and email variations."
98,D2,1073,Health Solutons Limited,812 Health Blvd,Health City,Healthland,info@healthsolutions.health,Caregiver Heal,9988776657,Healthcare,3,0.6340579710144928,10,"Identical address, city, country, owner, phone, and sector. Minor name and email variations."
98,D2,1074,Health Solutons Ltd.,812 Health Blvd,Health City,Healthland,contact@healthsolutions.health,Caregiver Heal,9988776657,Healthcare,3,0.6340579710144928,10,"Identical address, city, country, owner, phone, and sector. Minor name and email variations."
145,D1,1290,MediaWave,1111 Broadcast Blvd,Media City,NewsLand,contact@mediawave.com,News Anchor,1123456789,Media,2,0.6363636363636364,10,"Identical address, city, country, owner, phone, and sector. Minor name and email variations."
145,D2,1294,MediaWave Inc.,1111 Broadcast Blvd,Media City,NewsLand,info@mediawaveinc.com,News Anchor,1123456789,Media,2,0.6363636363636364,10,"Identical address, city, country, owner, phone, and sector. Minor name and email variations."
143,D1,1676,Tech Solutions,101 Tech Ave,Innovate City,Techland,contact@techsolutions.com,Tech Guru,1555666777,Technology,2,0.6428571428571429,7,"Similar names, same address, city, country, and sector. Differences in owner and phone."
143,D1,1743,TechSolutions,101 Tech Ave,InnovateCity,Techland,info@techsolutions.com,Tech Guru,1234567890,Technology,2,0.6428571428571429,7,"Similar names, same address, city, country, and sector. Differences in owner and phone."
144,D2,1894,UrbanBuild Constructors Inc.,321 Builder Avenue,Constructopolis,Buildland,contact@urbanbuild.com,Taylor Mason,2233445568,Construction,2,0.6428571428571429,5,"Similar names, same city, country, owner, and sector. Differences in address and phone."
144,D1,1886,UrbanBuild Construktors,321 Builder St.,Constructopolis,Buildland,contact@urbanbuild.con,Taylor Mason,5566778899,Construction,2,0.6428571428571429,5,"Similar names, same city, country, owner, and sector. Differences in address and phone."
142,D1,92,AquaFl0w Systems,789 Water Way,Aquaville,Hydroland,support@aquaflow.com,Sophia Waters,2233445566,Utilities,2,0.6470588235294118,10,"Identical address, city, country, owner, phone, and sector. Minor name variation."
142,D1,93,AquaFlow Systems,789 Water Way,Aquaville,Hydroland,support@aquaflow.com,Sophia Waters,2233445566,Utilities,2,0.6470588235294118,10,"Identical address, city, country, owner, phone, and sector. Minor name variation."
139,D1,816,Foodies Delight Limited,789 Gourmet Avenue,Taste Town,Foodland,contact@foodiesdelight.food,Chef Delight,3456789012,Food & Beverage,2,0.6521739130434783,10,"Identical address, city, country, owner, phone, and sector. Minor name and email variations."
139,D2,821,Foodies Delight Ltd.,789 Gourmet Ave,Taste Town,Foodland,hello@foodiesdelight.food,Chef Delight,3456789012,Food & Beverage,2,0.6521739130434783,10,"Identical address, city, country, owner, phone, and sector. Minor name and email variations."
140,D2,135,Auto Innovators Limited,609 Drive Avenue,Car City,Autoland,contact@autoinnovators.auto,Auto Leader,5678901240,Automotive,2,0.6521739130434783,10,"Identical address, city, country, owner, phone, and sector. Minor name and email variations."
140,D2,136,Auto Innovators Ltd,609 Drive Ave,Car City,Autoland,ltd@autoinnovators.auto,Auto Leader,5678901240,Automotive,2,0.6521739130434783,10,"Identical address, city, country, owner, phone, and sector. Minor name and email variations."
86,D2,1494,Skyline Holdings,410 Build St,Construct City,BuildLand,holdings@skyline.com,Taylor Erect,2233445576,Finance,3,0.6543209876543209,10,"Identical address, city, country, owner, phone, and sector. Minor name and email variations."
86,D1,1498,Skyline Holdings Inc.,410 Build St,Construct City,BuildLand,contact@skyline.com,Taylor Erect,2233445576,Finance,3,0.6543209876543209,10,"Identical address, city, country, owner, phone, and sector. Minor name and email variations."
86,D2,1495,Skyline Holdings Incorporated,410 Build Street,Construct City,BuildLand,info@skyline.com,Taylor Erect,2233445576,Finance,3,0.6543209876543209,10,"Identical address, city, country, owner, phone, and sector. Minor name and email variations."
102,D1,1352,Quantum Innovations,456 Future Lane,Techville,Futuristan,info@quantuminnovations.com,Alexis Quantum,1234567891,Information Technology,4,0.6606337979335691,6,"Similar names, same city, country, owner, and sector. Differences in address, phone, and email."
102,D1,1353,Quantum Innovations Inc.,138 Innovation Drive,Techville,Futuristan,inc@quantum.innovations,Alexis Quantum,1234567805,Information Technology,4,0.6606337979335691,6,"Similar names, same city, country, owner, and sector. Differences in address, phone, and email."
102,D2,1363,Quantum Innovations Ltd.,147 Innovation Drive,Techville,Futuristan,info@quantum.innovations,Alexis Quantum,1234567804,Information Technology,4,0.6606337979335691,6,"Similar names, same city, country, owner, and sector. Differences in address, phone, and email."
102,D2,1364,Quantum Innovatons,125 Innovation Dr.,Techville,Futuristan,info@quantum.innovations,Alexis Quantum,1234567892,Information Technology,4,0.6606337979335691,6,"Similar names, same city, country, owner, and sector. Differences in address, phone, and email."
131,D1,153,AutoTech Innovations,512 Driveway,Autoville,Carland,innovate@autotech.auto,Driver Fast,9900112277,Automotive,2,0.6666666666666666,10,"Identical address, city, country, owner, phone, and sector. Minor name variation."
131,D2,161,AutoTech Innovators,512 Driveway,Autoville,Carland,innovate@autotech.auto,Driver Fast,9900112277,Automotive,2,0.6666666666666666,10,"Identical address, city, country, owner, phone, and sector. Minor name variation."
132,D1,312,Car Innovations,1001 Drive Lane,AutoCity,CarLand,info@carinnovations.com,Jill Orange,123456789,Automotive,2,0.6666666666666666,10,"Identical address, city, country, owner, phone, and sector. Minor name variation."
132,D2,316,Car Innovatons,1001 Drive Lane,AutoCity,CarLand,contact@carinnovations.com,Jill Orange,123456789,Automotive,2,0.6666666666666666,10,"Identical address, city, country, owner, phone, and sector. Minor name variation."
133,D2,406,Constructo Supplies,331 Builder St.,Constructopolis,Buildland,supplies@constructo.com,Jamie Jordan,5566778893,Construction,2,0.6666666666666666,10,"Identical address, city, country, owner, phone, and sector. Minor name variation."
133,D1,401,Constructo Supply Co.,331 Builder Street,Constructopolis,Buildland,contact@constructosupply.com,Jamie Jordan,5566778893,Construction,2,0.6666666666666666,10,"Identical address, city, country, owner, phone, and sector. Minor name variation."
134,D1,950,Green Solutions,25 Solar Drive,Eco City,Greenland,contact@greensolutions.com,George Green,9876543216,Energy,2,0.6666666666666666,10,"Identical address, city, country, owner, phone, and sector. Minor name variation."
134,D2,952,Green Solutons,25 Solar Dr.,Eco City,Greenland,info@greensolutions.com,George Green,9876543216,Energy,2,0.6666666666666666,10,"Identical address, city, country, owner, phone, and sector. Minor name variation."
135,D1,1192,Journey Planners Inc.,321 Explore St,Adventure City,Traveland,info@journeyplanners.com,Jamie Travel,7788990055,Travel,2,0.6666666666666666,10,"Identical address, city, country, owner, phone, and sector. Minor name variation."
135,D1,1193,Journey Planners Incorporated,321 Explore Street,Adventure City,Traveland,contact@journeyplanners.com,Jamie Travel,7788990055,Travel,2,0.6666666666666666,10,"Identical address, city, country, owner, phone, and sector. Minor name variation."
136,D1,1285,MediaPulse,12000 Broadcast Blvd,Mediaville,Infotainia,contact@mediapulse.com,Chris M. News,9988776533,Media,2,0.6666666666666666,10,"Identical address, city, country, owner, phone, and sector. Minor name variation."
136,D2,1288,MediaPulse Inc.,12000 Broadcast Blvd,Mediaville,Infotainia,info@mediapulse.com,Chris M. News,9988776533,Media,2,0.6666666666666666,10,"Identical address, city, country, owner, phone, and sector. Minor name variation."
137,D2,1327,Oceanic Ventures Limited,2324 Surf St.,Wave City,Marineland,info@oceanicventures.com,Jordan Bay,1765432123,Marine,2,0.6666666666666666,10,"Identical address, city, country, owner, phone, and sector. Minor name variation."
137,D1,1329,Oceanic Ventures Ltd.,2324 Surf Street,Wave City,Marineland,contact@oceanicventures.com,Jordan Bay,1765432123,Marine,2,0.6666666666666666,10,"Identical address, city, country, owner, phone, and sector. Minor name variation."
138,D2,424,CropCircle,1010 Field Ave,Greenville,Agroland,hello@cropcircle.agr,Circle Master,1122334453,Agriculture,2,0.6666666666666666,10,"Identical address, city, country, owner, phone, and sector. Minor name variation."
138,D2,425,CropCircle Inc.,1010 Field Avenue,Greenville,Agroland,contact@cropcircle.agr,Circle Master,1122334453,Agriculture,2,0.6666666666666666,10,"Identical address, city, country, owner, phone, and sector. Minor name variation."
124,D1,33,AgriFutur Farms,123 Farm Rd,Greenville,EcoLand,contact@agrifuture.org,Taylor Jordan,7890123456,Agriculture,2,0.6875,10,"Identical address, city, country, owner, phone, and sector. Minor name variation."
124,D1,37,AgriFuture Farms,123 Farm Road,Greenville,EcoLand,info@agrifuture.org,Taylor Jordan,7890123456,Agriculture,2,0.6875,10,"Identical address, city, country, owner, phone, and sector. Minor name variation."
125,D1,42,AgriGroth Farms,789 Harvest Lane,Farmville,Agroland,support@agrigrowth.farm,Farmer Fields,1990044556,Agriculture,2,0.6875,8,"Similar names, same city, country, owner, and sector. Differences in address and phone."
125,D1,50,AgriGrowth Farms,300 Harvest Rd,Farmville,Agroland,support@agrigrowth.farm,Farmer Fields,1990045678,Agriculture,2,0.6875,8,"Similar names, same city, country, owner, and sector. Differences in address and phone."
126,D1,174,BioLife Sciences,951 Bio Blvd,Bio City,Bioland,info@biolifesciences.com,Pat Bio,1889900112,Biotechnology,2,0.6875,10,"Identical address, city, country, owner, phone, and sector. Minor name variation."
126,D2,182,BioLife Siences,951 Bio Blvd,Bio City,Bioland,contact@biolifesciences.com,Pat Bio,1889900112,Biotechnology,2,0.6875,10,"Identical address, city, country, owner, phone, and sector. Minor name variation."
127,D1,544,EcoFinanc Group,800 Finance Avenue,FinanceCity,FinanceLand,support@ecofinancegroup.com,Sam Money,9900889900,Finance,2,0.6875,10,"Identical address, city, country, owner, phone, and sector. Minor name variation."
127,D1,545,EcoFinance Group,800 Finance Ave.,FinanceCity,FinanceLand,support@ecofinancegroup.com,Sam Money,9900889900,Finance,2,0.6875,10,"Identical address, city, country, owner, phone, and sector. Minor name variation."
128,D1,1955,WellCare Clincs,202 Wellness Way,Healthville,Careland,contact@wellcare.com,Wellness Corp,1987654322,Healthcare,2,0.6875,10,"Identical address, city, country, owner, phone, and sector. Minor name variation."
128,D1,1957,WellCare Clinics,202 Wellness Way,Healthville,Careland,info@wellcare.com,Wellness Corp,1987654322,Healthcare,2,0.6875,10,"Identical address, city, country, owner, phone, and sector. Minor name variation."
129,D2,565,EcoHome Builders,1212 Green St,Eco City,Constructia,contact@ecohome.com,Sam Right,1122334455,Construction,2,0.6875,10,"Records have identical addresses, cities, countries, emails, owners, phones, sectors, and group sizes, indicating they are the same entity."
129,D2,566,EcoHome Buildrs,1212 Green St,Eco City,Constructia,contact@ecohome.com,Sam Right,1122334455,Construction,2,0.6875,10,"Records have identical addresses, cities, countries, emails, owners, phones, sectors, and group sizes, indicating they are the same entity."
130,D2,1568,Sprout Solutions,1050 Plant Path,Garden City,Agraria,support@sproutsolutions.agri,Flora Bloom,1415161722,Agriculture,2,0.6875,10,"Records have identical addresses, cities, countries, emails, owners, phones, sectors, and group sizes, indicating they are the same entity."
130,D2,1569,Sprout Solutons,1050 Plant Path,Garden City,Agraria,support@sproutsolutions.agri,Flora Bloom,1415161722,Agriculture,2,0.6875,10,"Records have identical addresses, cities, countries, emails, owners, phones, sectors, and group sizes, indicating they are the same entity."
122,D1,162,BeverageHub,407 Market Street,Food Town,GourmetLand,contact@beveragehub.com,Alex Cook,1122334462,Food & Beverage,2,0.6923076923076923,10,"Records have identical addresses, cities, countries, owners, phones, sectors, and group sizes, indicating they are the same entity."
122,D2,168,BeverageHub Inc.,407 Market St.,Food Town,GourmetLand,info@beveragehub.com,Alex Cook,1122334462,Food & Beverage,2,0.6923076923076923,10,"Records have identical addresses, cities, countries, owners, phones, sectors, and group sizes, indicating they are the same entity."
123,D2,1772,TechnoGearz,101 Innovation Drive,Techville,Innovatia,contact@technogears.tech,Jamie Tech,1234567890,Technology,2,0.6923076923076923,10,"Records have identical addresses, cities, countries, emails, owners, phones, sectors, and group sizes, indicating they are the same entity."
123,D2,1776,TechnoGearz Inc.,101 Innovation Dr.,Techville,Innovatia,info@technogears.tech,Jamie Tech,1234567890,Technology,2,0.6923076923076923,10,"Records have identical addresses, cities, countries, emails, owners, phones, sectors, and group sizes, indicating they are the same entity."
121,D1,1091,HealthFirst Medical,789 Wellness Blvd,Health City,Medica,contact@healthfirst.com,Dr. Heal Good,1555765432,Healthcare,2,0.7,10,"Records have identical addresses, cities, countries, emails, owners, phones, sectors, and group sizes, indicating they are the same entity."
121,D2,1085,HealthFirst Medikal,789 Wellness Blvd,Health City,Medica,contact@healthfirst.com,Dr. Heal Good,1555765432,Healthcare,2,0.7,10,"Records have identical addresses, cities, countries, emails, owners, phones, sectors, and group sizes, indicating they are the same entity."
21,D1,992,GreenLeaf Agriculture,300 Farm Lane,Agro Town,Farmville,contact@greenleaf.com,Sam Farmer,1987654321,Agriculture,3,0.7000000000000001,7,"Records have similar names, cities, countries, owners, and sectors, but different addresses and emails, suggesting they are related but distinct entities."
21,D2,989,GreenLeaf Agriculture,456 Farm Road,Agro Town,Farmville,info@greenleaf.com,Sam Farmer,9876543210,Agriculture,3,0.7000000000000001,7,"Records have similar names, cities, countries, owners, and sectors, but different addresses and emails, suggesting they are related but distinct entities."
21,D1,993,GreenLeaf Agro,456 Farm Road,Agro Town,Farmville,contact@greenleafagro.com,Sam Farmer,9876543211,Agriculture,3,0.7000000000000001,7,"Records have similar names, cities, countries, owners, and sectors, but different addresses and emails, suggesting they are related but distinct entities."
115,D1,1220,LifeCare Assoc.,313 Wellness Way,Healthville,Mediland,contact@lifecareassociates.com,Morgan Wellness,4455667793,Healthcare,2,0.7058823529411765,10,"Records have identical addresses, cities, countries, owners, phones, sectors, and group sizes, indicating they are the same entity."
115,D2,1219,LifeCare Associates,313 Wellness Way,Healthville,Mediland,info@lifecareassociates.com,Morgan Wellness,4455667793,Healthcare,2,0.7058823529411765,10,"Records have identical addresses, cities, countries, owners, phones, sectors, and group sizes, indicating they are the same entity."
116,D1,1448,Sky High Airlines,202 Flight Way,Air City,Flyland,info@skyhighairlines.com,Avery Pilot,1444555666,Aviation,2,0.7058823529411765,10,"Records have identical addresses, cities, countries, owners, phones, sectors, and group sizes, indicating they are the same entity."
116,D2,1463,Sky High Airlnes,202 Flight Way,Air City,Flyland,contact@skyhighairlines.com,Avery Pilot,1444555666,Aviation,2,0.7058823529411765,10,"Records have identical addresses, cities, countries, owners, phones, sectors, and group sizes, indicating they are the same entity."
117,D1,1965,Wellness Assoc.,789 Health Avenue,Healthtown,Mediland,contact@wellnessassoc.com,Dr. Care,3334445556,Healthcare,2,0.7058823529411765,10,"Records have identical addresses, cities, countries, owners, phones, sectors, and group sizes, indicating they are the same entity."
117,D1,1966,Wellness Associates,789 Health Ave,Healthtown,Mediland,info@wellnessassociates.com,Dr. Care,3334445556,Healthcare,2,0.7058823529411765,10,"Records have identical addresses, cities, countries, owners, phones, sectors, and group sizes, indicating they are the same entity."
118,D2,17,Aero Dynamics Inc,4444 Jetstream Rd,Aero City,Flyland,contact@aerodynamics.inc,Morgan Wind,1122334455,Aviation,2,0.7058823529411765,10,"Records have identical addresses, cities, countries, owners, phones, sectors, and group sizes, indicating they are the same entity."
118,D2,18,Aero Dynmics Inc.,4444 Jetstream Road,Aero City,Flyland,info@aerodynamics.inc,Morgan Wind,1122334455,Aviation,2,0.7058823529411765,10,"Records have identical addresses, cities, countries, owners, phones, sectors, and group sizes, indicating they are the same entity."
119,D2,1685,TechFlow Dynamics,808 Flow Ave.,FlowCity,TechLand,contact@techflow.com,Flow Tech,9900445566,Technology,2,0.7058823529411765,10,"Records have identical addresses, cities, countries, owners, phones, sectors, and group sizes, indicating they are the same entity."
119,D2,1686,TechFlow Dynmics,808 Flow Avenue,FlowCity,TechLand,info@techflow.com,Flow Tech,9900445566,Technology,2,0.7058823529411765,10,"Records have identical addresses, cities, countries, owners, phones, sectors, and group sizes, indicating they are the same entity."
120,D2,1738,TechWave Dynamics,620 Silicon St,Tech City,Innovatia,dynamics@techwave.tech,Gadget Guru,1990011230,Technology,2,0.7058823529411765,10,"Records have identical addresses, cities, countries, emails, owners, phones, sectors, and group sizes, indicating they are the same entity."
120,D2,1739,TechWave Dynmics,620 Silicon St,Tech City,Innovatia,dynamics@techwave.tech,Gadget Guru,1990011230,Technology,2,0.7058823529411765,10,"Records have identical addresses, cities, countries, emails, owners, phones, sectors, and group sizes, indicating they are the same entity."
114,D1,473,Eco Energi Solutions,456 Solar Street,Energy City,Powerland,support@ecoenergi.com,Leo Power,9900112233,Energy,2,0.7142857142857143,8,"Records have similar names, addresses, cities, countries, owners, phones, and sectors, but different emails, suggesting they are related entities."
114,D1,476,Eco Energy Solutions,456 Solar St,Energy City,Powerland,support@ecoenergy.com,Leo Power,9900112233,Energy,2,0.7142857142857143,8,"Records have similar names, addresses, cities, countries, owners, phones, and sectors, but different emails, suggesting they are related entities."
108,D2,399,ConstructiveFutre,13000 Future Blvd,FutureCity,FutureLand,contact@constructivefutre.com,Leo Indigo,2345678902,Construction,2,0.7222222222222222,10,"Records have identical addresses, cities, countries, owners, phones, sectors, and group sizes, indicating they are the same entity."
108,D1,396,ConstructiveFuture,13000 Future Blvd,FutureCity,FutureLand,info@constructivefuture.com,Leo Indigo,2345678902,Construction,2,0.7222222222222222,10,"Records have identical addresses, cities, countries, owners, phones, sectors, and group sizes, indicating they are the same entity."
109,D2,575,EcoLife Consulting,111 Green Street,EcoCity,EcoLand,consulting@ecolife.com,Sam Eco,9900112243,Consulting,2,0.7222222222222222,10,"Records have identical addresses, cities, countries, owners, phones, sectors, and group sizes, indicating they are the same entity."
109,D1,562,EcoLife Consultng,111 Green St.,EcoCity,EcoLand,contact@ecolife.com,Sam Eco,9900112243,Consulting,2,0.7222222222222222,10,"Records have identical addresses, cities, countries, owners, phones, sectors, and group sizes, indicating they are the same entity."
110,D1,1678,Tech Solutions Inc.,123 Silicon Ave,Techville,Innovatia,info@techsolutions.com,Sam Tech,1234567890,Technology,2,0.7222222222222222,10,"Records have identical addresses, cities, countries, owners, phones, sectors, and group sizes, indicating they are the same entity."
110,D2,1658,Tech Solutons Inc.,123 Silicon Avenue,Techville,Innovatia,contact@techsolutions.com,Sam Tech,1234567890,Technology,2,0.7222222222222222,10,"Records have identical addresses, cities, countries, owners, phones, sectors, and group sizes, indicating they are the same entity."
111,D1,1697,TechCorp Solutions,200 Tech Park,Innovate City,Techland,contact@techcorpsolutions.com,Sam Innovate,1234567890,Technology,2,0.7222222222222222,10,"Records have identical addresses, cities, countries, owners, phones, sectors, and group sizes, indicating they are the same entity."
111,D2,1676,TechCorp Solutons,200 Tech Park,Innovate City,Techland,contact@techcorpsolutions.com,Sam Innovate,1234567890,Technology,2,0.7222222222222222,10,"Records have identical addresses, cities, countries, owners, phones, sectors, and group sizes, indicating they are the same entity."
112,D2,1706,TechLand Solutions,126 Innovation Blvd,TechVille,TechLand,contact@techlandsolutions.com,Taylor Tech,1234567893,Technology,2,0.7222222222222222,10,"Records have identical addresses, cities, countries, owners, phones, sectors, and group sizes, indicating they are the same entity."
112,D1,1723,TechLand Solutons,126 Innovation Blvd,TechVille,TechLand,contact@techlandsolutons.com,Taylor Tech,1234567893,Technology,2,0.7222222222222222,10,"Records have identical addresses, cities, countries, owners, phones, sectors, and group sizes, indicating they are the same entity."
113,D2,1126,HydroSolutions Ltd.,789 Lakeview Ave,Watertown,Hydroland,info@hydrosolutions.water,River Lake,9988776659,Utilities,2,0.7222222222222222,10,"Records have identical addresses, cities, countries, owners, phones, sectors, and group sizes, indicating they are the same entity."
113,D2,1127,HydroSolutons Ltd.,789 Lakeview Avenue,Watertown,Hydroland,contact@hydrosolutions.water,River Lake,9988776659,Utilities,2,0.7222222222222222,10,"Records have identical addresses, cities, countries, owners, phones, sectors, and group sizes, indicating they are the same entity."
106,D2,393,Constructive Cre8tions,810 Builder St.,Constructopolis,Buildland,contact@constructivecre8tions.com,Jordan Casey,5566778899,Construction,2,0.7272727272727273,10,"Records have identical addresses, cities, countries, owners, phones, sectors, and group sizes, indicating they are the same entity."
106,D1,386,Constructive Creations,810 Builder Street,Constructopolis,Buildland,info@constructivecreations.com,Jordan Casey,5566778899,Construction,2,0.7272727272727273,10,"Records have identical addresses, cities, countries, owners, phones, sectors, and group sizes, indicating they are the same entity."
107,D1,1687,TechBuild Innov8tions,123 Tech Avenue,Innovate City,TechLand,contact@techbuild.com,Jamie Tech,1234567890,Technology,2,0.7272727272727273,10,"Records have identical addresses, cities, countries, owners, phones, sectors, and group sizes, indicating they are the same entity."
107,D2,1672,TechBuild Innovations,123 Tech Ave,Innovate City,TechLand,contact@techbuild.com,Jamie Tech,1234567890,Technology,2,0.7272727272727273,10,"Records have identical addresses, cities, countries, owners, phones, sectors, and group sizes, indicating they are the same entity."
103,D1,1690,TechBuild Solutions,101 Tech Park,Tech City,TechLand,info@techbuild.com,Jamie Tech,1234567890,Technology,2,0.7368421052631579,10,"Records have identical addresses, cities, countries, owners, phones, sectors, and group sizes, indicating they are the same entity."
103,D2,1674,TechBuild Solutons,101 Tech Park,Tech City,TechLand,contact@techbuild.com,Jamie Tech,1234567890,Technology,2,0.7368421052631579,10,"Records have identical addresses, cities, countries, owners, phones, sectors, and group sizes, indicating they are the same entity."
104,D2,400,Constructo Builders,329 Builder St.,Constructopolis,Buildland,contact@constructo.com,Alex Jordan,5566778891,Construction,2,0.7368421052631579,10,"Records have identical addresses, cities, countries, owners, phones, sectors, and group sizes, indicating they are the same entity."
104,D2,401,Constructo Buildrs,329 Builder St.,Constructopolis,Buildland,contact@constructo.con,Alex Jordan,5566778891,Construction,2,0.7368421052631579,10,"Records have identical addresses, cities, countries, owners, phones, sectors, and group sizes, indicating they are the same entity."
105,D2,1014,GreenTech Solutions,1010 Eco Lane,Eco City,Sustainland,info@greentech.com,Alex Green,9876543216,Technology,2,0.7368421052631579,10,"Records have identical addresses, cities, countries, owners, phones, sectors, and group sizes, indicating they are the same entity."
105,D2,1018,GreenTech Solutons,1010 Eco Lane,Eco City,Sustainland,contact@greentech.com,Alex Green,9876543216,Technology,2,0.7368421052631579,10,"Records have identical addresses, cities, countries, owners, phones, sectors, and group sizes, indicating they are the same entity."
96,D1,3,Adventure Gear Co.,555 Adventure St,Outdoor City,ExploreLand,info@adventuregear.com,Explorer Jane,6655443322,Retail,2,0.75,10,"Records have identical addresses, cities, countries, owners, phones, sectors, and group sizes, indicating they are the same entity."
96,D1,4,Adventure Gear Company,555 Adventure Street,Outdoor City,ExploreLand,contact@adventuregear.com,Explorer Jane,6655443322,Retail,2,0.75,10,"Records have identical addresses, cities, countries, owners, phones, sectors, and group sizes, indicating they are the same entity."
97,D1,1006,GreenPower Solutions,456 Eco Rd,GreenCity,EcoWorld,contact@greenpowersolutions.com,Eco Light,9988773344,Renewable Energy,2,0.75,10,"Records have identical addresses, cities, countries, owners, phones, sectors, and group sizes, indicating they are the same entity."
97,D1,1007,GreenPower Solutons,456 Eco Road,GreenCity,EcoWorld,info@greenpowersolutions.com,Eco Light,9988773344,Renewable Energy,2,0.75,10,"Records have identical addresses, cities, countries, owners, phones, sectors, and group sizes, indicating they are the same entity."
99,D1,1518,Smart Solutons,4040 Smart Avenue,Tech City,Techland,contact@smartsolutions.com,Smart Guru,6655667788,Technology,2,0.75,8,"Records have similar names, addresses, cities, countries, owners, phones, and sectors, but different emails, suggesting they are related entities."
99,D1,1519,Smart Solutons Inc.,4040 Smart Avenue,Tech City,Techland,info@smartsolutons.com,Smart Guru,6655667788,Technology,2,0.75,8,"Records have similar names, addresses, cities, countries, owners, phones, and sectors, but different emails, suggesting they are related entities."
100,D2,1880,Urban Planners,405 Build St,Construct City,BuildLand,info@urbanplanners.com,Morgan Plan,2233445571,Construction,2,0.75,10,"Records have identical addresses, cities, countries, owners, phones, sectors, and group sizes, indicating they are the same entity."
100,D1,1873,Urban Planners Inc.,405 Build St,Construct City,BuildLand,contact@urbanplanners.com,Morgan Plan,2233445571,Construction,2,0.75,10,"Records have identical addresses, cities, countries, owners, phones, sectors, and group sizes, indicating they are the same entity."
101,D2,214,Breeze Energi Solutions,1300 Windy Lane,BreezyTown,Windland,info@breezeenergysolutions.com,Breeze Holdings,2345678906,Renewable Energy,2,0.75,10,"Records have identical addresses, cities, countries, owners, phones, sectors, and group sizes, indicating they are the same entity."
101,D2,215,Breeze Energy Solutions,1300 Windy Lane,BreezyTown,Windland,contact@breezeenergysolutions.com,Breeze Holdings,2345678906,Renewable Energy,2,0.75,10,"Records have identical addresses, cities, countries, owners, phones, sectors, and group sizes, indicating they are the same entity."
95,D2,926,Green Fields Agriculture,56 Greenway,Greenville,Farmville,contact@greenfieldsagri.com,Hank Field,1122334466,Agriculture,2,0.76,10,"Records have identical addresses, cities, countries, owners, phones, sectors, and group sizes, indicating they are the same entity."
95,D1,934,Green Fieldz Agriculture,56 Greenway,Greenville,Farmville,contact@greenfieldsagri.com,Hank Field,1122334466,Agriculture,2,0.76,10,"Records have identical addresses, cities, countries, owners, phones, sectors, and group sizes, indicating they are the same entity."
93,D2,1552,SolarTech Innovations,404 Solar Ave.,SunCity,EcoLand,contact@solartech.com,Eco Innovations,1100778899,Energy,2,0.7619047619047619,10,"Records have identical addresses, cities, countries, owners, phones, sectors, and group sizes, indicating they are the same entity."
93,D1,1551,SolarTech Innovatons,404 Solar Avenue,SunCity,EcoLand,info@solartech.com,Eco Innovations,1100778899,Energy,2,0.7619047619047619,10,"Records have identical addresses, cities, countries, owners, phones, sectors, and group sizes, indicating they are the same entity."
94,D2,1940,WaterTech Innovations,789 Water Lane,Hydro City,Waterland,support@watertech.water,Jordan Blue,1122334458,Utilities,2,0.7619047619047619,10,"Records have identical addresses, cities, countries, emails, owners, phones, sectors, and group sizes, indicating they are the same entity."
94,D2,1941,WaterTech Innovatons,789 Water Lane,Hydro City,Waterland,support@watertech.water,Jordan Blue,1122334458,Utilities,2,0.7619047619047619,10,"Records have identical addresses, cities, countries, emails, owners, phones, sectors, and group sizes, indicating they are the same entity."
90,D1,682,Epicurean Escapade,708 Gourmet Avenue,FoodTown,TasteLand,contact@epicureanescapade.com,Grace Purple,7890123460,Hospitality,2,0.7647058823529411,8,"Records have similar names, addresses, cities, countries, owners, phones, and sectors, but different emails, suggesting they are related entities."
90,D2,702,Epicurean Escape,708 Gourmet Ave,FoodTown,TasteLand,info@epicureanescape.com,Grace Purple,7890123460,Hospitality,2,0.7647058823529411,8,"Records have similar names, addresses, cities, countries, owners, phones, and sectors, but different emails, suggesting they are related entities."
91,D2,795,FlavorBurst Snacks,2222 Crunch St,Flavor City,Gourmetland,info@flavorburst.snack,Jamie Spice,1999000222,Food & Beverage,2,0.7647058823529411,10,"Records have identical addresses, cities, countries, owners, phones, sectors, and group sizes, indicating they are the same entity."
91,D1,781,FlavorBurst Snax,2222 Crunch St,Flavor City,Gourmetland,contact@flavorburst.snack,Jamie Spice,1999000222,Food & Beverage,2,0.7647058823529411,10,"Records have identical addresses, cities, countries, owners, phones, sectors, and group sizes, indicating they are the same entity."
92,D2,909,Green Defenders,1200 Green St,Eco City,Sustainia,hello@greendefenders.com,Planet Champion,7766554433,Environment,2,0.7647058823529411,10,"Records have identical addresses, cities, countries, owners, phones, sectors, and group sizes, indicating they are the same entity."
92,D1,910,Green Defenders Inc.,1200 Green Street,Eco City,Sustainia,contact@greendefenders.com,Planet Champion,7766554433,Environment,2,0.7647058823529411,10,"Records have identical addresses, cities, countries, owners, phones, sectors, and group sizes, indicating they are the same entity."
89,D2,745,FashionPioneers,422 Trend Blvd,Fashion City,Trendland,support@fashionpioneers.retail,Jordan Trend,5566778802,Retail,2,0.7692307692307693,10,"Records have identical addresses, cities, countries, owners, phones, sectors, and group sizes, indicating they are the same entity."
89,D1,729,FashionPioners,422 Trend Blvd,Fashion City,Trendland,support@fashionpioners.retail,Jordan Trend,5566778802,Retail,2,0.7692307692307693,10,"Records have identical addresses, cities, countries, owners, phones, sectors, and group sizes, indicating they are the same entity."
40,D1,1814,Travel Time,909 Journey Road,Travel City,Wanderland,contact@traveltime.com,Wander Lust,6699001122,Travel,3,0.7727272727272727,7,"Records have similar names, cities, countries, owners, and sectors, but different addresses and emails, suggesting they are related but distinct entities."
40,D2,1809,Travel Time,1414 Journey Rd,Travel City,Wanderland,contact@traveltime.com,Wander Lust,1445566778,Travel,3,0.7727272727272727,7,"Records have similar names, cities, countries, owners, and sectors, but different addresses and emails, suggesting they are related but distinct entities."
40,D2,1826,TravelTime,10000 Journey Rd,Travel City,Wanderland,info@traveltime.com,Wander Lust,7788990011,Travel,3,0.7727272727272727,7,"Records have similar names, cities, countries, owners, and sectors, but different addresses and emails, suggesting they are related but distinct entities."
87,D2,234,BrightFutre Education,321 Knowledge Avenue,EduCity,LearnLand,info@brightfuture.edu,Liam Johnson,1234567891,Education,2,0.7727272727272727,10,"Records have identical addresses, cities, countries, owners, phones, sectors, and group sizes, indicating they are the same entity."
87,D1,224,BrightFuture Education,321 Knowledge Ave,EduCity,LearnLand,contact@brightfuture.edu,Liam Johnson,1234567891,Education,2,0.7727272727272727,10,"Records have identical addresses, cities, countries, owners, phones, sectors, and group sizes, indicating they are the same entity."
88,D2,1478,SkyReach Manufacturing,414 Sky St.,SkyCity,SkyLand,manufacturing@skyreach.com,Sky Engineer,9900990021,Manufacturing,2,0.7727272727272727,10,"Records have identical addresses, cities, countries, owners, phones, sectors, and group sizes, indicating they are the same entity."
88,D2,1479,SkyReach Manufcturing,414 Sky St.,SkyCity,SkyLand,contact@skyreach.com,Sky Engineer,9900990021,Manufacturing,2,0.7727272727272727,10,"Records have identical addresses, cities, countries, owners, phones, sectors, and group sizes, indicating they are the same entity."
84,D2,289,BuildSmart Innov8tions Ltd.,203 Build Lane,Constructopolis,Buildland,innov8tions@buildsmart.com,Builder Alice,6667778889,Construction,2,0.7777777777777778,10,"Records have identical addresses, cities, countries, owners, phones, sectors, and group sizes, indicating they are the same entity."
84,D1,290,BuildSmart Innovations Ltd.,203 Build Lane,Constructopolis,Buildland,innovations@buildsmart.com,Builder Alice,6667778889,Construction,2,0.7777777777777778,10,"Records have identical addresses, cities, countries, owners, phones, sectors, and group sizes, indicating they are the same entity."
85,D2,1305,Motorway Mechanics,803 Motorway,Autotown,Carland,service@motorwaymech.com,Mr. Quick,5566778899,Automotive,2,0.7777777777777778,10,"Records have identical addresses, cities, countries, owners, phones, sectors, and group sizes, indicating they are the same entity."
85,D1,1307,Motorway Mechaniqs,803 Motorway,Autotown,Carland,contact@motorwaymech.com,Mr. Quick,5566778899,Automotive,2,0.7777777777777778,10,"Records have identical addresses, cities, countries, owners, phones, sectors, and group sizes, indicating they are the same entity."
82,D1,213,Bright Horizon Academy,406 Knowledge Blvd,Learnville,EduNation,contact@brighthorizons.edu,Clever Hawk,8899001144,Education,2,0.782608695652174,10,"Records have identical addresses, cities, countries, owners, phones, sectors, and group sizes, indicating they are the same entity."
82,D1,216,Bright Horizonz Academy,406 Knowledge Blvd,Learnville,EduNation,info@brighthorizons.edu,Clever Hawk,8899001144,Education,2,0.782608695652174,10,"Records have identical addresses, cities, countries, owners, phones, sectors, and group sizes, indicating they are the same entity."
83,D1,820,ForestEdge Lumber Co.,174 Timber Trail,Woodland,Leafland,info@forestedgelumber.com,Bark Wood,4455667812,Manufacturing,2,0.782608695652174,10,"Records have identical addresses, cities, countries, owners, phones, sectors, and group sizes, indicating they are the same entity."
83,D2,826,ForestEdge Lumber Company,174 Timber Trl,Woodland,Leafland,contact@forestedgelumber.com,Bark Wood,4455667812,Manufacturing,2,0.782608695652174,10,"Records have identical addresses, cities, countries, owners, phones, sectors, and group sizes, indicating they are the same entity."
80,D2,840,FreshFarm Produce,707 Farm Lane,Harvest,Agroland,contact@freshfarm.produce,Farmer Fresh,1112131415,Agriculture,2,0.7894736842105263,10,"Records have identical addresses, cities, countries, owners, phones, sectors, and group sizes, indicating they are the same entity."
80,D2,841,FreshFarm Produce Inc.,707 Farm Lane,Harvest,Agroland,info@freshfarm.produce,Farmer Fresh,1112131415,Agriculture,2,0.7894736842105263,10,"Records have identical addresses, cities, countries, owners, phones, sectors, and group sizes, indicating they are the same entity."
81,D2,1166,Innovative Motors,1005 Drive Lane,AutoCity,CarLand,contact@innovativemotors.com,Jill Red,123456789,Automotive,2,0.7894736842105263,10,"Records have identical addresses, cities, countries, owners, phones, sectors, and group sizes, indicating they are the same entity."
81,D2,1167,Innovative Motors Inc.,1005 Drive Lane,AutoCity,CarLand,info@innovativemotors.com,Jill Red,123456789,Automotive,2,0.7894736842105263,10,"Records have identical addresses, cities, countries, owners, phones, sectors, and group sizes, indicating they are the same entity."
78,D1,408,Creative Engines,1005 Drive Lane,AutoCity,CarLand,support@creativeengines.com,Jack Red,123456789,Automotive,2,0.8,10,"Records have identical addresses, cities, countries, emails, owners, phones, sectors, and group sizes, indicating they are the same entity."
78,D1,409,Creative Engins,1005 Drive Lane,AutoCity,CarLand,support@creativeengines.com,Jack Red,123456789,Automotive,2,0.8,10,"Records have identical addresses, cities, countries, emails, owners, phones, sectors, and group sizes, indicating they are the same entity."
79,D2,1492,Skyline Engineering,1417 Tech St,Constructopolis,Buildland,support@skylineeng.com,Alex Skyline,2233445578,Engineering,2,0.8,8,"Records have similar names, addresses, cities, countries, owners, phones, and sectors, but different emails, suggesting they are related entities."
79,D1,1496,Skyline Engineering Ltd.,1417 Tech St,Constructopolis,Buildland,info@skylineeng.com,Alex Skyline,2233445579,Engineering,2,0.8,8,"Records have similar names, addresses, cities, countries, owners, phones, and sectors, but different emails, suggesting they are related entities."
76,D1,1937,Waterway Enterprises,321 Canal Street,HydroCity,Aquaterra,contact@waterway.com,Jordan River,3344556681,Utilities,2,0.8095238095238095,8,"Records have similar names, addresses, cities, countries, owners, phones, and sectors, but different emails, suggesting they are related entities."
76,D1,1938,Waterway Enterprises Ltd.,321 Canal Street,HydroCity,Aquaterra,info@waterway.com,Jordan River,3344556682,Utilities,2,0.8095238095238095,8,"Records have similar names, addresses, cities, countries, owners, phones, and sectors, but different emails, suggesting they are related entities."
77,D2,103,AquaPure Waterworks,210 Aqua Lane,Watertown,Hydroland,contact@aquapure.water,River Brooks,9988776655,Utilities,2,0.8095238095238095,8,"Records have similar names, addresses, cities, countries, owners, phones, and sectors, but different emails, suggesting they are related entities."
77,D2,104,AquaPure Waterworks Inc.,654 Aqua Ave,Watertown,Hydroland,contact@aquapure.water,River Brooks,9988776655,Utilities,2,0.8095238095238095,8,"Records have similar names, addresses, cities, countries, owners, phones, and sectors, but different emails, suggesting they are related entities."
75,D1,130,Auto Innovators,666 Drive St,Auto City,Carland,contact@autoinnovators.car,Car Creator,9134567890,Automotive,2,0.8125,10,"Records have identical addresses, city, country, owner, phone, and sector, indicating they are the same entity."
75,D2,134,Auto Innovators Inc.,666 Drive St,Auto City,Carland,info@autoinnovators.auto,Car Creator,9134567890,Automotive,2,0.8125,10,"Records have identical addresses, city, country, owner, phone, and sector, indicating they are the same entity."
73,D1,674,EnergySecure,369 Power Ave,Energy City,Powerland,contact@energysecure.com,Chris Cyan,1122446688,Energy,2,0.8181818181818182,9,"Records have similar names, identical addresses, city, country, email, owner, phone, and sector, indicating they are likely the same entity."
73,D2,689,EnergySecurr,369 Power Avenue,Energy City,Powerland,contact@energysecure.com,Chris Cyan,1122446688,Energy,2,0.8181818181818182,9,"Records have similar names, identical addresses, city, country, email, owner, phone, and sector, indicating they are likely the same entity."
74,D1,1634,Sustainable Ventures,123 Green Rd,EcoCity,Sustainland,contact@sustainableventures.com,Olivia Green,9876543210,Energy,2,0.8181818181818182,9,"Records have similar names, identical addresses, city, country, owner, phone, and sector, indicating they are likely the same entity."
74,D1,1635,Sustainable Ventures Ltd.,123 Green Road,EcoCity,Sustainland,info@sustainableventures.com,Olivia Green,9876543210,Energy,2,0.8181818181818182,9,"Records have similar names, identical addresses, city, country, owner, phone, and sector, indicating they are likely the same entity."
72,D1,805,Food Delights,123 Gourmet St,Food City,Cuisineland,support@fooddelights.com,Chef Delight,8877665544,Food,2,0.8333333333333334,9,"Records have similar names, identical addresses, city, country, owner, phone, and sector, indicating they are likely the same entity."
72,D1,806,Food Delightz,123 Gourmet Street,Food City,Cuisineland,support@fooddelightz.com,Chef Delight,8877665544,Food,2,0.8333333333333334,9,"Records have similar names, identical addresses, city, country, owner, phone, and sector, indicating they are likely the same entity."
71,D2,1307,Mountain Adventures,808 Summit Street,Adventure City,Explorland,contact@mountainadventures.com,Morgan Explorer,1444555666,Tourism,2,0.8421052631578947,9,"Records have similar names, identical addresses, city, country, owner, phone, and sector, indicating they are likely the same entity."
71,D1,1309,Mountain Adventurres,808 Summit St.,Adventure City,Explorland,info@mountainadventures.com,Morgan Explorer,1444555666,Tourism,2,0.8421052631578947,9,"Records have similar names, identical addresses, city, country, owner, phone, and sector, indicating they are likely the same entity."
68,D2,102,AquaPure Waters,789 Water Lane,Hydro City,Waterland,support@aquapure.water,Chris Blue,1122334455,Utilities,2,0.8571428571428571,10,"Records have identical addresses, city, country, email, owner, phone, and sector, indicating they are the same entity."
68,D1,102,AquaPure Waterz,789 Water Lane,Hydro City,Waterland,support@aquapure.water,Chris Blue,1122334455,Utilities,2,0.8571428571428571,10,"Records have identical addresses, city, country, email, owner, phone, and sector, indicating they are the same entity."
69,D2,559,EcoGreen Energi,5678 Solar Road,Green City,Sustainland,info@ecogreen.energy,Pat Green,1777000222,Energy,2,0.8571428571428571,9,"Records have similar names, identical addresses, city, country, owner, phone, and sector, indicating they are likely the same entity."
69,D1,552,EcoGreen Energy,5678 Solar Rd,Green City,Sustainland,contact@ecogreen.energy,Pat Green,1777000222,Energy,2,0.8571428571428571,9,"Records have similar names, identical addresses, city, country, owner, phone, and sector, indicating they are likely the same entity."
70,D1,1948,WaveNet Systems,1010 Waterfall Way,Watertown,Hydroland,info@wavenet.systems,Brooke R. Rivers,9988776655,Utilities,2,0.8571428571428571,10,"Records have identical addresses, city, country, owner, phone, and sector, indicating they are the same entity."
70,D1,1949,WaveNet Systemz,1010 Waterfall Way,Watertown,Hydroland,contact@wavenet.systems,Brooke R. Rivers,9988776655,Utilities,2,0.8571428571428571,10,"Records have identical addresses, city, country, owner, phone, and sector, indicating they are the same entity."
66,D1,1903,UrbanFarmers Colective,714 Farm Lane,Harvest,Agroland,info@urbanfarmers.co,Farmer Urban,1112131421,Agriculture,2,0.8636363636363636,10,"Records have identical addresses, city, country, owner, phone, and sector, indicating they are the same entity."
66,D2,1905,UrbanFarmers Collective,714 Farm Lane,Harvest,Agroland,contact@urbanfarmers.co,Farmer Urban,1112131421,Agriculture,2,0.8636363636363636,10,"Records have identical addresses, city, country, owner, phone, and sector, indicating they are the same entity."
67,D2,1602,Sustainability Pioneers,1200 Green St,Eco City,Sustainia,contact@sustainpioneers.com,Nature Advocate,7766554433,Environment,2,0.8636363636363636,9,"Records have similar names, identical addresses, city, country, owner, phone, and sector, indicating they are likely the same entity."
67,D2,1603,Sustainability Pioners,1200 Green St.,Eco City,Sustainia,info@sustainpioneers.com,Nature Advocate,7766554433,Environment,2,0.8636363636363636,9,"Records have similar names, identical addresses, city, country, owner, phone, and sector, indicating they are likely the same entity."
61,D2,423,CrispCraze Foods,2255 Crunch St,Flavor City,Gourmetland,contact@crispcraze.foods,Morgan Spice,1999000226,Food & Beverage,2,0.8666666666666667,10,"Records have identical addresses, city, country, owner, phone, and sector, indicating they are the same entity."
61,D1,414,CrispCraze Foodz,2255 Crunch St,Flavor City,Gourmetland,info@crispcraze.foods,Morgan Spice,1999000226,Food & Beverage,2,0.8666666666666667,10,"Records have identical addresses, city, country, owner, phone, and sector, indicating they are the same entity."
62,D2,594,EcoLyfe Products,101 Green Street,EcoCity,EcoLand,info@ecolyfeproducts.com,Sam Eco,9900112233,Consumer Goods,2,0.8666666666666667,9,"Records have similar names, identical addresses, city, country, owner, phone, and sector, indicating they are likely the same entity."
62,D1,575,EcoLyfe Productz,101 Green St.,EcoCity,EcoLand,contact@ecolyfeproductz.com,Sam Eco,9900112233,Consumer Goods,2,0.8666666666666667,9,"Records have similar names, identical addresses, city, country, owner, phone, and sector, indicating they are likely the same entity."
63,D2,661,EduSmart Schools,303 Learning Lane,Eduville,Learnland,info@edusmart.school,Alex Teach,4455667788,Education,2,0.8666666666666667,10,"Records have identical addresses, city, country, owner, phone, and sector, indicating they are the same entity."
63,D1,652,EduSmart Schoolz,303 Learning Lane,Eduville,Learnland,contact@edusmart.school,Alex Teach,4455667788,Education,2,0.8666666666666667,10,"Records have identical addresses, city, country, owner, phone, and sector, indicating they are the same entity."
64,D1,1023,GreenWave Energi,123 River Rd,Watertown,Hydroland,info@greenwave.energy,River Brooks,9988776655,Utilities,2,0.8666666666666667,9,"Records have similar names, identical addresses, city, country, owner, phone, and sector, indicating they are likely the same entity."
64,D1,1024,GreenWave Energy,123 River Road,Watertown,Hydroland,contact@greenwave.energy,River Brooks,9988776655,Utilities,2,0.8666666666666667,9,"Records have similar names, identical addresses, city, country, owner, phone, and sector, indicating they are likely the same entity."
65,D1,1452,SkyBound Flights,789 Skyway Blvd,Aero City,Flyland,contact@skybound.air,Taylor Wing,1122334455,Aviation,2,0.8666666666666667,10,"Records have identical addresses, city, country, email, owner, phone, and sector, indicating they are the same entity."
65,D2,1465,SkyBound Flightz,789 Skyway Blvd,Aero City,Flyland,contact@skybound.air,Taylor Wing,1122334455,Aviation,2,0.8666666666666667,10,"Records have identical addresses, city, country, email, owner, phone, and sector, indicating they are the same entity."
9,D2,380,ConstructCo Enterprises,1212 Enterprise Blvd,Enterprise City,USA,info@constructco.enterprises,Enterprise Builder,1314151617,Construction,3,0.875,10,"Records have identical addresses, city, country, owner, phone, and sector, indicating they are the same entity."
9,D1,375,ConstructCo Enterprizes,1212 Enterprise Blvd,Enterprise City,USA,contact@constructco.enterprises,Enterprise Builder,1314151617,Construction,3,0.875,10,"Records have identical addresses, city, country, owner, phone, and sector, indicating they are the same entity."
9,D2,381,ConstructCo Enterprizes,1212 Enterprise Blvd,Enterprise City,USA,contact@constructco.enterprises,Enterprise Builder,1314151617,Construction,3,0.875,10,"Records have identical addresses, city, country, owner, phone, and sector, indicating they are the same entity."
1,D1,105,AquaTech Innovations,654 Waterway Blvd,HydroCity,Aquaterra,service@aquatech.com,Jordan River,3344556677,Utilities,3,0.8787878787878789,8,"Records have similar names, mostly identical addresses, city, country, and sector, but some differences in owner and phone."
1,D2,107,AquaTech Innovations,1122 Waterway Blvd,HydroCity,Aquaterra,info@aquatech.com,Jordan Aqua,1314151617,Utilities,3,0.8787878787878789,8,"Records have similar names, mostly identical addresses, city, country, and sector, but some differences in owner and phone."
1,D1,106,AquaTech Innovations Ltd.,654 Waterway Blvd,HydroCity,Aquaterra,contact@aquatech.com,Jordan River,3344556678,Utilities,3,0.8787878787878789,8,"Records have similar names, mostly identical addresses, city, country, and sector, but some differences in owner and phone."
47,D2,1978,WellnessFirst Health,1400 Wellness Way,HealthCity,HealthLand,contact@wellnessfirst.com,Lucas Health,9900555566,Healthcare,3,0.8787878787878789,9,"Records have similar names, identical addresses, city, country, owner, phone, and sector, indicating they are likely the same entity."
47,D1,1986,WellnessFirst HealthCare,1400 Wellness Way,HealthCity,HealthLand,contact@wellnessfirst.com,Lucas Health,9900555566,Healthcare,3,0.8787878787878789,9,"Records have similar names, identical addresses, city, country, owner, phone, and sector, indicating they are likely the same entity."
47,D2,1979,WellnessFirst Healthcare,1400 Wellness Way,HealthCity,HealthLand,info@wellnessfirst.com,Lucas Health,9900555566,Healthcare,3,0.8787878787878789,9,"Records have similar names, identical addresses, city, country, owner, phone, and sector, indicating they are likely the same entity."
2,D1,202,BlueWave Utilities,321 Ocean Avenue,Watertown,Hydroland,contact@bluewave.water,Brook Rivers,9988776655,Utilities,3,0.8823529411764706,10,"Records have identical addresses, city, country, owner, phone, and sector, indicating they are the same entity."
2,D1,203,BlueWave Utility,321 Ocean Ave,Watertown,Hydroland,info@bluewave.water,Brook Rivers,9988776655,Utilities,3,0.8823529411764706,10,"Records have identical addresses, city, country, owner, phone, and sector, indicating they are the same entity."
2,D2,212,BlueWave Utility,321 Ocean Ave,Watertown,Hydroland,info@bluewave.water,Brook Rivers,9988776655,Utilities,3,0.8823529411764706,10,"Records have identical addresses, city, country, owner, phone, and sector, indicating they are the same entity."
59,D1,602,EcoWealth Partners,802 Finance Ave.,FinanceCity,FinanceLand,info@ecowealthpartners.com,Jamie Rich,9900889902,Finance,2,0.8823529411764706,9,"Records have similar names, identical addresses, city, country, owner, phone, and sector, indicating they are likely the same entity."
59,D1,603,EcoWealth Partnerz,802 Finance Avenue,FinanceCity,FinanceLand,contact@ecowealthpartnerz.com,Jamie Rich,9900889902,Finance,2,0.8823529411764706,9,"Records have similar names, identical addresses, city, country, owner, phone, and sector, indicating they are likely the same entity."
60,D2,216,BreezeFlow Systems,93 Windy Way,Breezyville,Airland,contact@breezeflow.systems,Storm Gale,4455667791,Utilities,2,0.8823529411764706,10,"Records have identical addresses, city, country, owner, phone, and sector, indicating they are the same entity."
60,D2,217,BreezeFlow Systemz,93 Windy Way,Breezyville,Airland,contact@breezeflow.systems,Storm Gale,4455667791,Utilities,2,0.8823529411764706,10,"Records have identical addresses, city, country, owner, phone, and sector, indicating they are the same entity."
58,D2,15,AdventureWorld Tours,707 Journey St,Explore City,Travelia,info@adventureworld.com,Wendy Lust,1555666777,Travel,2,0.8947368421052632,10,"Records have identical addresses, city, country, owner, phone, and sector, indicating they are the same entity."
58,D1,16,AdventureWorld Tourz,707 Journey St,Explore City,Travelia,contact@adventureworld.com,Wendy Lust,1555666777,Travel,2,0.8947368421052632,10,"Records have identical addresses, city, country, owner, phone, and sector, indicating they are the same entity."
57,D2,1823,TravelQuest Adventures,1515 Adventure Road,Travel City,Tourland,info@travelquest.adv,Quest Explorer,9988776655,Tourism,2,0.9047619047619048,10,"Records have identical addresses, city, country, owner, phone, and sector, indicating they are the same entity."
57,D1,1825,TravelQuest Adventurez,1515 Adventure Rd,Travel City,Tourland,contact@travelquest.adv,Quest Explorer,9988776655,Tourism,2,0.9047619047619048,10,"Records have identical addresses, city, country, owner, phone, and sector, indicating they are the same entity."
55,D1,1221,LivingSpaces,62 Living St,HomeCity,Houseland,info@livingspaces.com,Space Designer,1213141523,Real Estate,2,0.9090909090909091,10,"Records have identical addresses, city, country, owner, phone, and sector, indicating they are the same entity."
55,D2,1221,LivingSpacess,62 Living St,HomeCity,Houseland,contact@livingspaces.com,Space Designer,1213141523,Real Estate,2,0.9090909090909091,10,"Records have identical addresses, city, country, owner, phone, and sector, indicating they are the same entity."
56,D1,1432,SecureFinanc,1212 Wealth Street,Finance City,Moneyland,info@securefinanc.com,Chris Cyan,1434455667,Finance,2,0.9090909090909091,10,"Records have identical addresses, city, country, owner, phone, and sector, indicating they are the same entity."
56,D1,1433,SecureFinance,1212 Wealth St,Finance City,Moneyland,contact@securefinance.com,Chris Cyan,1434455667,Finance,2,0.9090909090909091,10,"Records have identical addresses, city, country, owner, phone, and sector, indicating they are the same entity."
52,D1,269,BuildPro Services,654 Pro Rd,Build City,ProLand,contact@buildpro.com,Casey Pro,3344556677,Construction,2,0.9375,10,"Records have identical addresses, city, country, owner, phone, and sector, indicating they are the same entity."
52,D2,274,BuildPro Servicess,654 Pro Road,Build City,ProLand,contact@buildpro.com,Casey Pro,3344556677,Construction,2,0.9375,10,"Records have identical addresses, city, country, owner, phone, and sector, indicating they are the same entity."
53,D2,660,EduSmart Learning,400 Knowledge St,Learnville,EduNation,info@edusmart.edu,Prof. Wise,2233445566,Education,2,0.9375,8,"Records have similar names, mostly identical addresses, city, country, and sector, but some differences in owner and phone."
53,D1,650,EduSmart Learnings,101 Knowledge Blvd,Learnville,Educatia,contact@edusmart.learn,Professor Wise,2233445566,Education,2,0.9375,8,"Records have similar names, mostly identical addresses, city, country, and sector, but some differences in owner and phone."
54,D1,1528,SmartEdu Services,102 Learning Ave,Knowledge Town,Learnia,support@smarteduservices.com,Alex Teach,4455667789,Education,2,0.9375,10,"Records have identical addresses, city, country, owner, phone, and sector, indicating they are the same entity."
54,D2,1526,SmartEdu Servicess,102 Learning Avenue,Knowledge Town,Learnia,support@smarteduservices.com,Alex Teach,4455667789,Education,2,0.9375,10,"Records have identical addresses, city, country, owner, phone, and sector, indicating they are the same entity."
50,D1,1347,PurplePeak Finance,202 Purple Ave.,PurpleCity,PurpleLand,contact@purplepeak.com,Purple Banker,4400440055,Finance,2,0.9411764705882353,10,"Records have identical addresses, city, country, owner, phone, and sector, indicating they are the same entity."
50,D2,1359,PurplePeak Finances,202 Purple Avenue,PurpleCity,PurpleLand,info@purplepeak.com,Purple Banker,4400440055,Finance,2,0.9411764705882353,10,"Records have identical addresses, city, country, owner, phone, and sector, indicating they are the same entity."
51,D2,1525,SmartEdu Institute,305 Learning Ln,Eduville,Learnland,support@smartedu.sch,Jamie Teach,4455667789,Education,2,0.9411764705882353,10,"Records have identical addresses, city, country, owner, phone, and sector, indicating they are the same entity."
51,D1,1527,SmartEdu Institutes,305 Learning Lane,Eduville,Learnland,support@smartedu.school,Jamie Teach,4455667789,Education,2,0.9411764705882353,10,"Records have identical addresses, city, country, owner, phone, and sector, indicating they are the same entity."
49,D2,1358,PureStream Services,103 Waterway Blvd,Hydro City,Aquatica,contact@purestream.com,Taylor Brooks,1122334457,Utilities,2,0.9444444444444444,10,"Records have identical addresses, city, country, owner, phone, and sector, indicating they are the same entity."
49,D1,1346,PureStream Servicess,103 Waterway Blvd,Hydro City,Aquatica,contact@purestream.co,Taylor Brooks,1122334457,Utilities,2,0.9444444444444444,10,"Records have identical addresses, city, country, owner, phone, and sector, indicating they are the same entity."
28,D1,1312,MountainPeak Adventures,505 Summit St,Highland,Mountland,contact@mountainpeak.adventures,Climber Hill,6677889900,Tourism,3,0.9545454545454546,10,"Records have identical addresses, city, country, owner, phone, and sector, indicating they are the same entity."
28,D1,1313,MountainPeak Adventurez,505 Summit Street,Highland,Mountland,info@mountainpeak.adventures,Climber Hill,6677889900,Tourism,3,0.9545454545454546,10,"Records have identical addresses, city, country, owner, phone, and sector, indicating they are the same entity."
28,D2,1313,MountainPeak Adventurez,505 Summit Street,Highland,Mountland,info@mountainpeak.adventures,Climber Hill,6677889900,Tourism,3,0.9545454545454546,10,"Records have identical addresses, city, country, owner, phone, and sector, indicating they are the same entity."
0,D1,86,Aqua Marine Services,600 Ocean Dr,Marine City,Sealand,contact@aquamarineservices.com,Chris Ocean,6667686970,Marine,2,1.0,5,"Records have identical names and email, but different addresses, city, and phone, indicating they might be related but not the same entity."
0,D2,84,Aqua Marine Services,987 Ocean Dr,Marine City,WaterLand,contact@aquamarineservices.com,Chris Ocean,6677889900,Marine,2,1.0,5,"Records have identical names and email, but different addresses, city, and phone, indicating they might be related but not the same entity."
3,D1,230,BrightFuture Ventures,325 Knowledge Ave,EduCity,LearnLand,ventures@brightfuture.edu,Liam Johnson,1234567897,Technology,2,1.0,5,"Records have identical names and email, but different addresses, city, and phone, indicating they might be related but not the same entity."
3,D2,242,BrightFuture Ventures,321 Knowledge Ave,EduCity,LearnLand,ventures@brightfuture.edu,Liam Johnson,1234567891,Finance,2,1.0,5,"Records have identical names and email, but different addresses, city, and phone, indicating they might be related but not the same entity."
4,D1,260,BuildLand Architects,406 Build St,Construct City,BuildLand,contact@buildlandarchitects.com,Morgan Design,2233445572,Construction,2,1.0,10,"Records have identical addresses, city, country, owner, phone, and sector, indicating they are the same entity."
4,D2,266,BuildLand Architects,406 Build St,Construct City,BuildLand,contact@buildlandarchitects.com,Morgan Design,2233445572,Construction,2,1.0,10,"Records have identical addresses, city, country, owner, phone, and sector, indicating they are the same entity."
5,D1,277,BuildRite Enterprises,456 Right Way,Build City,Constructia,contact@buildrite.com,Sam Right,1122334455,Construction,2,1.0,10,"Records have identical addresses, city, country, owner, phone, and sector, indicating they are the same entity."
5,D2,279,BuildRite Enterprises,456 Right Way,Build City,Constructia,contact@buildrite.com,Sam Right,1122334455,Construction,2,1.0,10,"Records have identical addresses, city, country, owner, phone, and sector, indicating they are the same entity."
6,D1,280,BuildSmart Co.,1122 Builder's Way,Constructopolis,Buildland,info@buildsmart.com,Taylor Jordan,5566778894,Construction,2,1.0,5,"Records have identical names and email, but different addresses, city, and phone, indicating they might be related but not the same entity."
6,D2,283,BuildSmart Co.,331 Builder Street,Constructopolis,Buildland,contact@buildsmart.com,Taylor Morgan,5566778895,Construction,2,1.0,5,"Records have identical names and email, but different addresses, city, and phone, indicating they might be related but not the same entity."
7,D1,318,Care Solutions Group,814 Health Blvd,Health City,Healthland,support@caresolutions.health,Nurture Well,9988776659,Healthcare,2,1.0,10,"Records have identical addresses, city, country, owner, phone, and sector, indicating they are the same entity."
7,D2,323,Care Solutions Group,814 Health Blvd,Health City,Healthland,support@caresolutions.health,Nurturer Heal,9988776659,Healthcare,2,1.0,10,"Records have identical addresses, city, country, owner, phone, and sector, indicating they are the same entity."
8,D1,370,Construct Innovators,608 Build St,Construct City,Buildland,contact@constructinnovators.build,Innovate Builder,9012345680,Construction,2,1.0,10,"Records have identical addresses, city, country, owner, phone, and sector, indicating they are the same entity."
8,D2,378,Construct Innovators,608 Build St,Construct City,Buildland,contact@constructinnovators.build,Innovate Builder,9012345680,Construction,2,1.0,10,"Records have identical addresses, city, country, owner, phone, and sector, indicating they are the same entity."
10,D1,399,Constructo Design,330 Builder Street,Constructopolis,Buildland,design@constructo.con,Jordan Alex,5566778892,Construction,2,1.0,5,"Records have identical names and email, but different addresses, city, and phone, indicating they might be related but not the same entity."
10,D2,402,Constructo Design,335 Builder St.,Constructopolis,Buildland,design@constructo.com,Alex J.,5566778897,Construction,2,1.0,5,"Records have identical names and email, but different addresses, city, and phone, indicating they might be related but not the same entity."
11,D1,449,Digital Ventures,951 Tech Park,Innovation City,Techland,contact@digitalventures.com,Alex Digital,1122446688,Technology,2,1.0,10,"Records have identical addresses, city, country, owner, phone, and sector, indicating they are the same entity."
11,D2,468,Digital Ventures,951 Tech Park,Innovation City,Techland,contact@digitalventures.com,Alex Digital,1122446688,Technology,2,1.0,10,"Records have identical addresses, city, country, owner, phone, and sector, indicating they are the same entity."
12,D1,532,EcoDrive Innovations,511 Drive Blvd,Motor City,Autoland,innovations@ecodrive.auto,Alex Motor,1333444558,Automotive,2,1.0,10,"Records have identical addresses, city, country, owner, phone, and sector, indicating they are the same entity."
12,D2,534,EcoDrive Innovations,511 Drive Blvd,Motor City,Autoland,innovations@ecodrive.auto,Alex Motor,1333444558,Automotive,2,1.0,10,"Records have identical addresses, city, country, owner, phone, and sector, indicating they are the same entity."
13,D1,554,EcoHarvest Co.,457 Farm Lane,Greenville,EcoLand,info@ecoharvest.org,Jamie Fields,9876543211,Agriculture,2,1.0,9,"Records have similar names, identical addresses, city, country, owner, phone, and sector, indicating they are likely the same entity."
13,D2,562,EcoHarvest Co.,457 Farm Lane,Greenville,EcoLand,contact@ecoharvest.org,Jamie Meadows,9876543211,Agriculture,2,1.0,9,"Records have similar names, identical addresses, city, country, owner, phone, and sector, indicating they are likely the same entity."
14,D1,628,EduLearn Academy,654 Knowledge Ave,Learnville,USA,info@edulearn.academy,Prof. Wise,1334455667,Education,2,1.0,5,"Records have identical names and email, but different addresses, city, and phone, indicating they might be related but not the same entity."
14,D2,643,EduLearn Academy,404 Knowledge Blvd,Learnville,Educatia,contact@edulearn.edu,Professor Wise,3344556677,Education,2,1.0,5,"Records have identical names and email, but different addresses, city, and phone, indicating they might be related but not the same entity."
15,D2,714,Farm Fresh Co,80 Harvest Road,Farmville,Agroland,support@farmfresh.co,Farmer Fields Jr.,3344556679,Agriculture,2,1.0,10,"Records have identical addresses, city, country, owner, phone, and sector, indicating they are the same entity."
15,D1,697,Farm Fresh Co.,80 Harvest Rd,Farmville,Agroland,hello@farmfresh.co,Farmer Fields Jr.,3344556679,Agriculture,2,1.0,10,"Records have identical addresses, city, country, owner, phone, and sector, indicating they are the same entity."
16,D1,708,Fashion Forward Inc.,206 Style St,Trend City,Fashionland,support@fashionforward.fashion,Mode Fashionista,5678905680,Fashion,2,1.0,5,"Records have identical names and email, but different addresses, city, and phone, indicating they might be related but not the same entity."
16,D2,732,Fashion Forward Inc.,202 Style St,Trend City,Fashionland,contact@fashionforward.fashion,Stylist Trend,5678901234,Fashion,2,1.0,5,"Records have identical names and email, but different addresses, city, and phone, indicating they might be related but not the same entity."
17,D1,722,FashionFoward,654 Style St.,Fashion City,StyleLand,contact@fashionfoward.com,Sophia Taylor,5678901234,Retail,2,1.0,10,"Records have identical addresses, city, country, owner, phone, and sector, indicating they are the same entity."
17,D2,741,FashionFoward,654 Style St.,Fashion City,StyleLand,contact@fashionfoward.com,Sophia Taylor,5678901234,Retail,2,1.0,10,"Records have identical addresses, city, country, owner, phone, and sector, indicating they are the same entity."
18,D1,871,Gastronomy Hub,654 Taste Avenue,Culinary City,Foodland,contact@gastronomyhub.com,Chef Spice,6677889904,Food & Beverage,2,1.0,10,"Records have identical addresses, city, country, owner, phone, and sector, indicating they are the same entity."
18,D1,871,Gastronomy Hub,654 Taste Avenue,Culinary City,Foodland,contact@gastronomyhub.com,Chef Spice,6677889904,Food & Beverage,2,1.0,0,"Different entities: different addresses, emails, and phone numbers."
18,D2,875,Gastronomy Hub,654 Taste Ave,Culinary City,Foodland,info@gastronomyhub.com,Chef Spice,6677889904,Food & Beverage,2,1.0,10,"Records have identical addresses, city, country, owner, phone, and sector, indicating they are the same entity."
18,D2,875,Gastronomy Hub,654 Taste Ave,Culinary City,Foodland,info@gastronomyhub.com,Chef Spice,6677889904,Food & Beverage,2,1.0,0,"Different entities: different addresses, emails, and phone numbers."
19,D1,872,GearTech Innovations,132 Innovation Drive,Techville,Innovatia,support@geartech.com,Taylor Gear,1234567897,Technology,2,1.0,8,"Likely the same entity: similar names, same city, country, owner, and sector, but different addresses and emails."
19,D2,877,GearTech Innovations,104 Innovation Dr,Techville,Innovatia,contact@geartech.tech,Taylor Gear,1234567893,Technology,2,1.0,8,"Likely the same entity: similar names, same city, country, owner, and sector, but different addresses and emails."
20,D1,977,GreenField Innovations,125 Harvest Road,AgroCity,FarmLand,contact@greenfieldinnovations.com,Field Crop,5566773346,Agriculture,2,1.0,10,"Same entity: identical name, address, city, country, owner, phone, and sector."
20,D2,973,GreenField Innovations,125 Harvest Rd,AgroCity,FarmLand,support@greenfieldinnovations.com,Field Crop,5566773346,Agriculture,2,1.0,10,"Same entity: identical name, address, city, country, owner, phone, and sector."
22,D1,1046,Harvest Organics,722 Farm Lane,Harvest,Agroland,info@harvestorganics.co,Farmer Orange,1112131430,Agriculture,2,1.0,7,"Possibly related: similar names, same city, country, and sector, but different addresses, emails, and owner names."
22,D2,1037,Harvest Organics,713 Farm Lane,Harvest,Agroland,info@harvestorganics.com,Farmer Organic,1112131420,Agriculture,2,1.0,7,"Possibly related: similar names, same city, country, and sector, but different addresses, emails, and owner names."
23,D1,1069,Health First Corp.,789 Wellness Blvd,Healthtown,CareLand,support@healthfirst.com,Pat Heal,3344556677,Healthcare,2,1.0,6,"Possibly related: same name, address, city, country, and sector, but different emails and phone numbers."
23,D2,1062,Health First Corp.,789 Wellness Blvd,Healthtown,Careland,contact@healthfirst.com,Pat Health,1122334455,Healthcare,2,1.0,6,"Possibly related: same name, address, city, country, and sector, but different emails and phone numbers."
24,D1,1129,Horizon Learning Center,408 Knowledge Blvd,Learnville,EduNation,contact@horizonlearning.edu,Wise Eagle,8899001145,Education,2,1.0,9,"Likely the same entity: identical name, address, city, country, owner, and sector, but different phone numbers."
24,D2,1117,Horizon Learning Center,408 Knowledge Blvd,Learnville,EduNation,info@horizonlearning.edu,Wise Eagle,8899001155,Education,2,1.0,9,"Likely the same entity: identical name, address, city, country, owner, and sector, but different phone numbers."
25,D1,1139,HydroTech Solutions,456 Stream Street,Watertown,Hydroland,support@hydrotech.water,River Brooks,9988776655,Utilities,2,1.0,5,"Possibly related: same name, city, country, owner, phone, and sector, but different addresses and emails."
25,D2,1130,HydroTech Solutions,789 Stream Blvd,Watertown,Hydroland,hello@hydrotech.solutions,River Brook,9988776655,Utilities,2,1.0,5,"Possibly related: same name, city, country, owner, phone, and sector, but different addresses and emails."
26,D1,1146,Innovate Systems,201 Tech Park,Innovate City,Techland,info@innovatesystems.com,Alex Innovate,1234567891,Technology,2,1.0,8,"Likely the same entity: similar names, same city, country, owner, and sector, but different addresses and emails."
26,D2,1143,Innovate Systems,204 Tech Park,Innovate City,Techland,contact@innovatesystems.com,Alex Innovate,1234567894,Technology,2,1.0,8,"Likely the same entity: similar names, same city, country, owner, and sector, but different addresses and emails."
27,D1,1227,Logistics Leaders,1200 Transport Rd,Logistics City,Moveland,contact@logisticsleaders.log,Mover Shaker,1234567890,Logistics,2,1.0,4,"Possibly related: same name, city, country, and sector, but different addresses, emails, and phone numbers."
27,D2,1230,Logistics Leaders,357 Transport Rd,Logistics City,Moveland,contact@logisticsleaders.com,Mover Shaker,1122334455,Logistics,2,1.0,4,"Possibly related: same name, city, country, and sector, but different addresses, emails, and phone numbers."
29,D1,1350,Quantum Enterprises,129 Innovation Drive,Techville,Futuristan,contact@quantum.enterprises,Taylor Quantum,1234567894,Information Technology,2,1.0,8,"Likely the same entity: similar names, same city, country, owner, and sector, but different addresses and emails."
29,D2,1360,Quantum Enterprises,137 Innovation Drive,Techville,Futuristan,info@quantumenterprises.com,Taylor Quantum,1234567804,Information Technology,2,1.0,8,"Likely the same entity: similar names, same city, country, owner, and sector, but different addresses and emails."
30,D1,1356,Quantum Solutions,127 Innovation Drive,Techville,Futuristan,support@quantum.solutions,Jordan Quantum,1234567893,Information Technology,2,1.0,10,"Same entity: identical name, address, city, country, owner, phone, and sector."
30,D2,1368,Quantum Solutions,126 Innovation Drive,Techville,Futuristan,support@quantum.solutions,Jordan Quantum,1234567893,Information Technology,2,1.0,10,"Same entity: identical name, address, city, country, owner, phone, and sector."
31,D1,1502,Skyline Logistics,410 Build St,Construct City,BuildLand,logistics@skyline.com,Taylor Erect,2233445583,Logistics,2,1.0,9,"Likely the same entity: identical name, city, country, owner, and sector, but different addresses and phone numbers."
31,D2,1497,Skyline Logistics,407 Build St,Construct City,BuildLand,logistics@skyline.com,Taylor Erect,2233445573,Logistics,2,1.0,9,"Likely the same entity: identical name, city, country, owner, and sector, but different addresses and phone numbers."
32,D1,1503,Skyline Real Estate,410 Build St,Construct City,BuildLand,realestate@skyline.com,Taylor Erect,2233445582,Real Estate,2,1.0,9,"Likely the same entity: identical name, address, city, country, owner, and sector, but different phone numbers."
32,D2,1499,Skyline Real Estate,410 Build St,Construct City,BuildLand,realestate@skyline.com,Taylor Erect,2233445576,Real Estate,2,1.0,9,"Likely the same entity: identical name, address, city, country, owner, and sector, but different phone numbers."
33,D1,1586,Style Innovators Ltd,505 Style Street,Trend City,Fashionland,info@styleinnovators.com,Creative Trendsetter,3344556677,Fashion,2,1.0,3,"Possibly related: similar names, same city, country, and sector, but different addresses, emails, and owner names."
33,D1,1587,Style Innovators Ltd.,205 Style St,Trend City,Fashionland,info@styleinnovators.fashion,Fashionista Mode,5678905679,Fashion,2,1.0,3,"Possibly related: similar names, same city, country, and sector, but different addresses, emails, and owner names."
34,D1,1601,Summit Explorers,505 Summit St,Highland,Mountland,explore@summitadventures.com,Hiker Dale,6677889901,Tourism,2,1.0,10,"Same entity: identical name, address, city, country, owner, phone, and sector."
34,D2,1587,Summit Explorers,505 Summit St,Highland,Mountland,explore@summitadventures.com,Hiker Dale,6677889901,Tourism,2,1.0,10,"Same entity: identical name, address, city, country, owner, phone, and sector."
35,D1,1646,Tasteful Treetz,789 Savory Lane,Culinary City,Foodland,contact@tastefultreats.com,Chef Spice,6677889906,Food & Beverage,2,1.0,10,"Same entity: identical name, address, city, country, owner, phone, and sector."
35,D2,1626,Tasteful Treetz,789 Savory Lane,Culinary City,Foodland,contact@tastefultreats.com,Chef Spice,6677889906,Food & Beverage,2,1.0,10,"Same entity: identical name, address, city, country, owner, phone, and sector."
36,D1,1655,Tech Innovations,951 Tech Park,Innovation City,Techland,support@techinnovations.com,Jordan Digital,1122446688,Technology,2,1.0,10,"Same entity: identical name, address, city, country, owner, phone, and sector."
36,D2,1636,Tech Innovations,951 Tech Park,Innovation City,Techland,support@techinnovations.com,Jordan Digital,1122446688,Technology,2,1.0,10,"Same entity: identical name, address, city, country, owner, phone, and sector."
37,D1,1698,TechEdu Innovations,654 Knowledge Rd,Learn City,EduLand,support@techeduinnovations.com,Dr. Edu Smart,1334455667,Education,2,1.0,4,"Possibly related: similar names, same city, country, owner, and sector, but different addresses and emails."
37,D2,1681,TechEdu Innovations,102 Knowledge Ave,LearnCity,EduNation,support@techedu.com,Dr. Edu Smart,6677889901,Education,2,1.0,4,"Possibly related: similar names, same city, country, owner, and sector, but different addresses and emails."
38,D1,1712,TechGrow,456 Silicon Avenue,TechVille,InnovLand,info@techgrow.com,Alice Green,1234567890,Technology,2,1.0,8,"Likely the same entity: similar names, same city, country, owner, phone, and sector, but different addresses and emails."
38,D2,1693,TechGrow,789 Silicon Ave,TechVille,InnovLand,contact@techgrow.com,Alice Green,1234567890,Technology,2,1.0,8,"Likely the same entity: similar names, same city, country, owner, phone, and sector, but different addresses and emails."
39,D1,1736,TechPioners,127 Innovation Dr.,Techville,Futuristan,contact@techpioners.com,Alexis Quantum,1234567894,Information Technology,2,1.0,10,"Same entity: identical name, address, city, country, owner, phone, and sector."
39,D2,1722,TechPioners,127 Innovation Dr.,Techville,Futuristan,contact@techpioners.com,Alexis Quantum,1234567894,Information Technology,2,1.0,10,"Same entity: identical name, address, city, country, owner, phone, and sector."
41,D1,1821,TravelExperts,1000 Journey Ln,Travel City,Wanderland,support@travelexperts.travel,Jamie Journey,8899001122,Travel,2,1.0,5,"Possibly related: same name, city, country, owner, phone, and sector, but different addresses and emails."
41,D2,1818,TravelExperts,951 Journey Road,Travel City,Wanderland,info@travelexperts.travel,Jamie Journey,8899001122,Travel,2,1.0,5,"Possibly related: same name, city, country, owner, phone, and sector, but different addresses and emails."
42,D1,1853,Urban Developers Co,987 Build Ave,Construct City,Buildland,info@urbandevelopers.com,Builder Bob,4455667788,Construction,2,1.0,6,"Possibly related: similar names, same city, country, owner, and sector, but different addresses and phone numbers."
42,D2,1862,Urban Developers Co.,321 Build Ave,Construct City,Buildland,info@urbandevelopers.com,Bob Builder,1223344556,Construction,2,1.0,6,"Possibly related: similar names, same city, country, owner, and sector, but different addresses and phone numbers."
43,D1,1876,Urban Tech Solutions,909 Innovation Dr,Tech City,Innovatia,solutions@urbantech.com,Jordan Tech,1333444555,Technology,2,1.0,9,"Likely the same entity: identical name, address, city, country, owner, phone, and sector, but different emails."
43,D2,1883,Urban Tech Solutions,909 Innovation Dr,Tech City,Innovatia,contact@urbantechsolutions.com,Jordan Tech,1333444555,Technology,2,1.0,9,"Likely the same entity: identical name, address, city, country, owner, phone, and sector, but different emails."
44,D1,1877,Urban Tek,909 Innovation Drive,Tech City,Innovatia,info@urbantek.com,Jordan Tech,1333444555,Technology,2,1.0,10,"Same entity: identical name, address, city, country, owner, phone, and sector."
44,D2,1884,Urban Tek,909 Innovation Drive,Tech City,Innovatia,info@urbantek.com,Jordan Tech,1333444555,Technology,2,1.0,10,"Same entity: identical name, address, city, country, owner, phone, and sector."
45,D1,1879,UrbanBuild,22 Builder St,Construct City,Buildland,contact@urbanbuild.com,Builder Bob,5566778899,Construction,2,1.0,5,"Possibly related: same name, city, country, owner, and sector, but different addresses and phone numbers."
45,D2,1886,UrbanBuild,78 Builder St,ConstructCity,BuildLand,contact@urbanbuild.com,Builder Bob,9876543210,Construction,2,1.0,5,"Possibly related: same name, city, country, owner, and sector, but different addresses and phone numbers."
46,D1,1985,WellnessFirst Group,1400 Wellness Way,HealthCity,HealthLand,group@wellnessfirst.com,Lucas Health,9900555566,Healthcare,2,1.0,10,"Same entity: identical name, address, city, country, owner, phone, and sector."
46,D2,1977,WellnessFirst Group,1400 Wellness Way,HealthCity,HealthLand,group@wellnessfirst.com,Lucas Health,9900555566,Healthcare,2,1.0,10,"Same entity: identical name, address, city, country, owner, phone, and sector."
48,D2,1081,HealthFirst Inc,101 Wellness Way,Healthtown,Careland,info@healthfirst.com,Jordan Health,6677889900,Healthcare,2,1.0,4,"Possibly related: similar names, same city, country, and sector, but different addresses, emails, and owner names."
48,D2,1082,HealthFirst Inc.,456 Wellness Way,Healthtown,Careland,info@healthfirst.org,Dr. Heal,1987654321,Healthcare,2,1.0,4,"Possibly related: similar names, same city, country, and sector, but different addresses, emails, and owner names."
